{
    "eval_entropy": 0.7595066388285642,
    "eval_loss": 0.6477748155593872,
    "eval_mean_token_accuracy": 0.8214111121041753,
    "eval_model_preparation_time": 0.447,
    "eval_num_tokens": 0.0,
    "eval_runtime": 1403.0306,
    "eval_samples": 46968,
    "eval_samples_per_second": 33.476,
    "eval_steps_per_second": 8.369
}