{
    "eval_entropy": 0.8622586954149634,
    "eval_loss": 0.7267947196960449,
    "eval_mean_token_accuracy": 0.8035736776275421,
    "eval_model_preparation_time": 0.4631,
    "eval_num_tokens": 0.0,
    "eval_runtime": 1406.3432,
    "eval_samples": 46968,
    "eval_samples_per_second": 33.397,
    "eval_steps_per_second": 8.349
}