{
    "eval_entropy": 0.7662423584940811,
    "eval_loss": 0.6582289338111877,
    "eval_mean_token_accuracy": 0.8189001535078956,
    "eval_model_preparation_time": 0.4862,
    "eval_num_tokens": 0.0,
    "eval_runtime": 1401.898,
    "eval_samples": 46968,
    "eval_samples_per_second": 33.503,
    "eval_steps_per_second": 8.376
}