{
    "eval_entropy": 0.752776241935999,
    "eval_loss": 0.63701993227005,
    "eval_mean_token_accuracy": 0.8240576419167778,
    "eval_model_preparation_time": 0.4487,
    "eval_num_tokens": 0.0,
    "eval_runtime": 1400.4214,
    "eval_samples": 46968,
    "eval_samples_per_second": 33.538,
    "eval_steps_per_second": 8.385
}