log_file,gpus,nodes,samples_per_s,tokens_per_s_est,train_runtime_s,train_loss
sft_tp_12g3n_3292160.out,12,3,18.984,77758.464,1011.378,0.9949387836456299
sft_tp_16g4n_3292161.out,16,4,23.135,94760.96,1106.5647,0.9943874263763428
sft_tp_1g1n_3292157.out,1,1,2.988,12238.848,535.4368,0.9966547966003418
sft_tp_4g1n_3292158.out,4,1,11.59,47472.64,552.1876,0.9851236534118653
sft_tp_8g2n_3292159.out,8,2,14.71,60252.16,870.1595,0.9987529945373536
