{
    "eval_entropy": 0.7742127119794328,
    "eval_loss": 0.6693392992019653,
    "eval_mean_token_accuracy": 0.8162592822837171,
    "eval_model_preparation_time": 0.4657,
    "eval_num_tokens": 0.0,
    "eval_runtime": 1413.0761,
    "eval_samples": 46968,
    "eval_samples_per_second": 33.238,
    "eval_steps_per_second": 8.31
}