{
    "eval_entropy": 0.8049742643927781,
    "eval_loss": 0.702803909778595,
    "eval_mean_token_accuracy": 0.8086557502342314,
    "eval_model_preparation_time": 0.4594,
    "eval_num_tokens": 0.0,
    "eval_runtime": 1407.1311,
    "eval_samples": 46968,
    "eval_samples_per_second": 33.379,
    "eval_steps_per_second": 8.345
}